male_mean,female_mean,gap_dollars,gap_pct,n_male,n_female
38.33053976546729,31.617699083192203,6.71284068227509,17.513034575951405,22603,21139
