component,value,pct
Total gap,0.16929055897521472,100.0
Explained (endowments),0.03124394565344868,18.455811028436027
Unexplained (coefficients),0.13804661332176604,81.54418897156397
