male_mean,female_mean,gap_dollars,gap_pct,n_male,n_female
32.65236675565723,26.98713692406709,5.665229831590143,17.350135363797495,3616692,3423151
