male_mean,female_mean,gap_dollars,gap_pct,n_male,n_female
43.28643151491177,36.754899160927586,6.531532353984183,15.089098651465715,96199,86459
