male_mean,female_mean,gap_dollars,gap_pct,n_male,n_female
36.866737275248035,31.054528065259017,5.8122092099890175,15.765455908384055,21637,20107
