component,value,pct
Total gap,0.17941678724104326,100.0
Explained (endowments),0.047486930144694635,26.467384058603606
Unexplained (coefficients),0.13192985709634864,73.5326159413964
