male_mean,female_mean,gap_dollars,gap_pct,n_male,n_female
27.668460523348934,22.50808566669103,5.160374856657903,18.65074803241457,442375,420089
