male_mean,female_mean,gap_dollars,gap_pct,n_male,n_female
35.74447326762859,28.45586260034304,7.288610667285553,20.390874451313753,27534,25308
