activity,male_mean_minutes,female_mean_minutes,gap_minutes
minutes_paid_work_diary,224.3019334852758,156.3381919662747,-67.9637415190011
minutes_housework,17.433266909420965,49.34550837551804,31.912241466097072
minutes_childcare,11.654038570211537,23.025466505075734,11.371427934864197
minutes_commute_related_travel,18.393103549701877,10.323310583075806,-8.069792966626071
