component,value,pct
Total gap,0.16391078177971385,100.0
Explained (endowments),0.01045144756039787,6.376302673270133
Unexplained (coefficients),0.15345933421931598,93.62369732672987
