male_mean,female_mean,gap_dollars,gap_pct,n_male,n_female
37.265625177517066,31.327255316495012,5.938369861022053,15.935248188469316,441080,414097
