component,value,pct
Total gap,0.17016901530062922,100.0
Explained (endowments),0.04359706394415581,25.619860270763755
Unexplained (coefficients),0.12657195135647342,74.38013972923625
