male_mean,female_mean,gap_dollars,gap_pct,n_male,n_female
30.491488525819435,25.060623053890435,5.430865471929,17.81108674747144,453411,429608
