component,value,pct
Total gap,0.16919493858502666,100.0
Explained (endowments),0.03084758565986296,18.231978992894586
Unexplained (coefficients),0.1383473529251637,81.76802100710542
