male_mean,female_mean,gap_dollars,gap_pct,n_male,n_female
31.52328293029919,26.178819112272993,5.344463818026195,16.954020397695523,451878,428535
