male_mean,female_mean,gap_dollars,gap_pct,n_male,n_female
36.026773970001095,29.225614364315977,6.801159605685118,18.878069991357908,26602,24552
