component,value,pct
Total gap,0.16232495715811712,100.0
Explained (endowments),0.019785412184913597,12.188767846487751
Unexplained (coefficients),0.14253954497320354,87.81123215351225
