male_mean,female_mean,gap_dollars,gap_pct,n_male,n_female
38.49197222003104,32.02090754231438,6.4710646777166545,16.81146562386103,470000,445284
