component,value,pct
Total gap,0.17312083230491382,100.0
Explained (endowments),0.04411194038732458,25.48043456123825
Unexplained (coefficients),0.12900889191758924,74.51956543876175
