male_mean,female_mean,gap_dollars,gap_pct,n_male,n_female
28.684288570667768,23.398684129679225,5.285604440988543,18.426827731727474,443750,420050
