male_mean,female_mean,gap_dollars,gap_pct,n_male,n_female
35.37077422908553,28.42364407093189,6.947130158153637,19.64087671126233,27268,25010
