male_mean,female_mean,gap_dollars,gap_pct,n_male,n_female
34.600324559016826,27.475041183211353,7.125283375805473,20.593111384409333,29086,26614
