male_mean,female_mean,gap_dollars,gap_pct,n_male,n_female
37.42654528992456,30.822691303502904,6.603853986421658,17.64483987304982,23259,21414
