male_mean,female_mean,gap_dollars,gap_pct,n_male,n_female
35.91352256576541,30.114342057315618,5.799180508449794,16.147623775501952,22395,20486
