component,value,pct
Total gap,0.1707820535550808,100.0
Explained (endowments),0.044618848783495695,26.126192919389613
Unexplained (coefficients),0.1261632047715851,73.87380708061039
