male_mean,female_mean,gap_dollars,gap_pct,n_male,n_female
29.521132102443495,24.25774072847065,5.263391373972844,17.829232821112534,451206,427583
