component,value,pct
Total gap,0.16536957483372383,100.0
Explained (endowments),0.019045043047533405,11.516654781680884
Unexplained (coefficients),0.14632453178619043,88.48334521831912
