male_mean,female_mean,gap_dollars,gap_pct,n_male,n_female
37.178803891020166,30.82196850867712,6.356835382343046,17.09800939528993,462992,437905
