male_mean,female_mean,gap_dollars,gap_pct,n_male,n_female
36.12455590136552,29.943929516135327,6.180626385230191,17.10921070450187,26589,24534
